multiplier,aggregate_hz,trials,miss_rate_pct_mean,miss_rate_pct_std,avg_duration_ms_mean,avg_duration_ms_std,worst_case_ms_mean,worst_case_ms_std,jitter_ms_mean,jitter_ms_std,fusion_cpu_millicores_mean,fusion_cpu_millicores_std
1,142.0,3,0.0,0.0,34.78132249110967,1.5568364440967322,38.245439529418945,0.8747277445721555,5.372283432700079,1.963263380458714,751.0,1.0
2,284.0,3,0.0,0.0,29.731523528027893,1.4635716698249914,33.448378245035805,0.6711673282164152,6.37567267668628,0.25058759014439774,751.3333333333334,2.516611478423583
4,568.0,3,0.0,0.0,22.407708081044564,0.7929532041985675,28.88965606689453,1.7603322524766107,8.714828582012567,0.8559391741022754,749.0,0.0
8,1136.0,3,0.0,0.0,18.351769170555507,0.8849547266175405,23.691813151041668,1.9670120191954144,7.124795064758245,1.0368387892161215,750.3333333333334,1.1547005383792515
16,2272.0,3,0.0,0.0,0.8231799143859205,0.1280306852488933,5.264997482299805,5.998024514727878,0.4412769361737304,0.3967368903375604,750.6666666666666,0.5773502691896257
